{
    "0": {
        "precision": 0.9036004645760743,
        "recall": 0.7531461761858664,
        "f1-score": 0.8215417106652586,
        "support": 1033
    },
    "1": {
        "precision": 0.532967032967033,
        "recall": 0.7780748663101604,
        "f1-score": 0.6326086956521739,
        "support": 374
    },
    "accuracy": 0.759772565742715,
    "macro avg": {
        "precision": 0.7182837487715537,
        "recall": 0.7656105212480134,
        "f1-score": 0.7270752031587162,
        "support": 1407
    },
    "weighted avg": {
        "precision": 0.8050809880858246,
        "recall": 0.759772565742715,
        "f1-score": 0.771320710228234,
        "support": 1407
    }
}